Workbook

Sheet Desglose de Costes
A4: Sección | B4: Concepto | C4: Especificación Técnica | D4: Cantidad | E4: Unidad | F4: Precio Unit. | G4: Importe (€) | H4: Notas de Taller / Exclusiones
A5: Acero Inoxidable | B5: Pilares Trellis | C5: Tubo Ø114.3x3 mm Inox AISI 316 | D5: 36 | E5: ml | F5: 85 | G5: =D5*F5 | H5: 6 fustes de 3.4 m de altura (compra optimizada de 6 barras de 6m = 36ml) | K5: Precio reducido al maximo
A6: Acero Inoxidable | B6: Marcos Perfiles T | C6: Perfil T100.10 Inox AISI 316 | D6: 270 | E6: kg | F6: 15 | G6: =D6*F6 | H6: Marcos pórticos: 13 ml netos (compra de 3 barras de 6m = 18ml = 270kg) | K6: Estructura | L6: =I14
A7: Acero Inoxidable | B7: Vigas Hipotenusa RHS | C7: Perfil 100x50x3 Inox AISI 316 | D7: 81.6 | E7: kg | F7: 15 | G7: =D7*F7 | H7: Vigas inclinadas: 9.2 ml netos (compra de 2 barras de 6m = 12ml = 81.6kg) | K7: MO | L7: =I20
A8: Acero Inoxidable | B8: Placas y cartelas base | C8: Acero Inox AISI 316 10mm | D8: 45 | E8: kg | F8: 12 | G8: =D8*F8 | H8: 6 bases de pilares y cartelas rigidizadoras de placa de 10mm | K8: Cimentaciones | L8: =I26
A9: Acero Inoxidable | B9: Portes marítimos Inox | C9: Flete península a Menorca para Inox | D9: 691.8 | E9: kg | F9: 0.2 | G9: =D9*F9 | H9: Cálculo en función del peso total de inoxidable (295.2+270+81.6+45 kg) | K9: Total | L9: =SUM(L6:L8)
A10: Acero Inoxidable | B10: Cable Inox Ø6 mm | C10: Cables trellis | D10: 350 | E10: ml | F10: 3.5 | G10: =D10*F10 | H10: Tendido de cables entre pórticos, abanico y cruces de arriostramiento
A11: Acero Inoxidable | B11: Herrajes tensores M8 | C11: Juegos tensor + terminal oliva A4 | D11: 30 | E11: sets | F11: 55 | G11: =D11*F11 | H11: Tensores regulables y terminales inoxidables AISI 316
A12: Acero Inoxidable | B12: Pernos y anclajes Inox | C12: Espárragos M16 A4-80 + resina | D12: 24 | E12: uds | F12: 10 | G12: =D12*F12 | H12: Anclajes químicos de placas base a cimiento (4 por pilar)
A13: Acero Inoxidable | B13: Consumibles taller Inox | C13: Argón, hilo de soldar TIG Inox, discos | D13: 1 | E13: global | F13: 327.18 | G13: =D13*F13 | H13: Material auxiliar para soldar e inspección taller
B14: Subtotal Acero Inoxidable | G14: =SUM(G5:G13) | I14: =G14*1.1
A16: Mano de Obra | B16: Oficina Técnica | C16: Ingeniería, despiece y planos | D16: 16 | E16: h | F16: 55 | G16: =D16*F16 | H16: Planos de taller y diseño de pórticos triangulares
A17: Mano de Obra | B17: Taller - Corte y Prep | C17: Cortes de perfiles y taladros de fustes | D17: 12 | E17: h | F17: 31.5 | G17: =D17*F17 | H17: Cortes mecánicos y preparación de vigas/fustes
A18: Mano de Obra | B18: Taller - Soldadura/Pol | C18: Soldadura TIG y satinado mecánico | D18: 24 | E18: h | F18: 34 | G18: =D18*F18 | H18: Unión e inspección visual de soldaduras y pulido
A19: Mano de Obra | B19: Montaje en obra | C19: Instalación de fustes y cables (Sin Obra) | D19: 40 | E19: h | F19: 44.38 | G19: =D19*F19 | H19: Desplazamiento a Son Parc, montaje y tensado cables
A20: Servicios | B20: Logística local | C20: Descarga y transporte en obra | D20: 1 | E20: global | F20: 450.8 | G20: =D20*F20 | H20: Medios auxiliares y camión grúa local
B21: Subtotal Mano de Obra / Servicios | G21: =SUM(G16:G20) | I21: =G21
A23: Cimentación | B23: Hormigón HM-25 | C23: Hormigón para zapatas y solera | D23: 2.93 | E23: m³ | F23: 140 | G23: =D23*F23 | H23: HM-25 en zapatas 70x70x50 (0.49m³) y 75x325x50 (2.44m³)
A24: Cimentación | B24: Hormigón HL-150 | C24: Hormigón de limpieza (10 cm base) | D24: 0.6 | E24: m³ | F24: 120 | G24: =D24*F24 | H24: HL-150 base de cimientos
A25: Cimentación | B25: Encofrados y madera | C25: Madera de encofrar y contenciones | D25: 1 | E25: global | F25: 200 | G25: =D25*F25 | H25: Excavación y contención provisional zapatas
A26: Cimentación | B26: Mano Obra Cimientos | C26: Excavación, vertido y vibrado hormigón | D26: 60 | E26: h | F26: 38.83 | G26: =D26*F26 | H26: Mano de obra especializada cimentación civil
B27: Subtotal Cimentaciones (Sin Acero Armado) | G27: =SUM(G23:G26) | I27: =G27
B29: RESUMEN ECONÓMICO FINAL | G29: =I14+I20+I26 | I29: =I14+I20+I26

Sheet Resumen Comercial
A1: RESUMEN COMERCIAL Y COMPARATIVA DE ALCANCES
A3: Partida / Pérgola | B3: Opción SIN Cimentación | C3: Opción CON Cimentación | D3: Notas / Exclusiones
A4: 1. Estructura de Pilares y Brazos (Trellis) | B4: =SUM('Desglose de Costes'!G5:G8, 'Desglose de Costes'!G9, 'Desglose de Costes'!G13)*1.1 | C4: =SUM('Desglose de Costes'!G5:G8, 'Desglose de Costes'!G9, 'Desglose de Costes'!G13)*1.1 | D4: Suministro fabricado de 6 pilares Ø114.3, marcos T100.10, vigas RHS, placas de 10mm, rigidizadores, portes y consumibles taller (+10%)
A5: 2. Sistema de cables Trellis de guiado | B5: =SUM('Desglose de Costes'!G10:G11)*1.1 | C5: =SUM('Desglose de Costes'!G10:G11)*1.1 | D5: Suministro e instalación de 350 ml de cable Ø6 mm inox AISI 316, 30 sets de tensores e inclinadores (+10%)
A6: 3. Pernos de cimentación y anclajes | B6: ='Desglose de Costes'!G12*1.1 | C6: ='Desglose de Costes'!G12*1.1 | D6: Suministro de 24 espárragos M16 A4-80 y taco químico (+10%)
A7: 4. Mano de Obra y Montaje | B7: ='Desglose de Costes'!I20 | C7: ='Desglose de Costes'!I20 | D7: Ingeniería, fabricación en taller, pulido satinado y montaje final de estructura y cableado in situ
A8: 5. Cimentaciones (Obra Civil) | B8: 0 | C8: ='Desglose de Costes'!I26 | D8: Excavación, hormigón HM-25 y HL-150, encofrado y mano de obra civil (excluido acero corrugado)
A9: PRECIO FINAL SUGERIDO (Base Imponible) | B9: =SUM(B4:B8) | C9: =SUM(C4:C8) | D9: Precio neto ajustado al máximo, sin coeficientes comerciales
